timestamp,S↦S,K↦S,S↦K,K,S,S↦G,K_deg,S_deg,K↦K,G_deg,K_inact,K↦G,K↦K_inact,S↦S_inact,G,S_inact,S↦K_inact,K↦S_inact
0.0,0.0,0.0,0.0,1.02e8,33000.0,0.0,0.0,0.0,0.0,0.0,0.0,0.0,0.0,0.0,714000.0,0.0,0.0,0.0
1.0,1.8749406759922222,5.47432696725423,469.16257454065317,81768.80634140984,31197.315069139604,690.2226160437298,1.114155235405074e7,27.88271418315497,4.536036666535997e7,64655.93421449483,9.257039448426538e-7,55470.76552470827,5.581763721860001e-5,0.03622137499971159,593183.0776445132,606.0140219331649,5.311242135629471e-9,0.10634793156702808
2.0,1.7855493775469955,5.043359095784572,432.22595460894325,77190.44641169568,30446.08646114195,864.6144434786423,2.1063562330169454e7,54.77085555507731,4.040444878695926e7,145544.92515611707,9.271708695688208e-7,49912.18230070951,9.560326298859684e-5,0.06979457109975054,517678.2780997618,1193.3505326148315,5.191540265785547e-9,0.19769888399668495
3.0,1.720377238282977,4.670397589760652,400.26179683899613,72822.23315604236,29885.822836712363,856.2625943520123,2.9908102095334448e7,81.04921814843682,3.598845466825608e7,214946.0605796879,9.279343788763441e-7,41761.12624653269,0.0001243517805154859,0.10159027490607594,456436.55057939567,1768.0128935706334,5.100195874240957e-9,0.27632296562179437
4.0,1.6640878675352766,4.332865874932987,371.3345353527973,68692.22006408118,29392.99887755031,788.1845224365431,3.779230981958274e7,106.91311470224419,3.205185817599329e7,272993.9242734886,9.282025260632029e-7,34905.59683400356,0.00014445257517365306,0.13186294509211194,405312.29436989105,2332.300329337322,5.01754054894896e-9,0.34384570448301166
5.0,1.6111088315606086,4.021233720405467,344.62708017371733,64791.57947276622,28921.353399631418,706.6240127403867,4.4820145526166074e7,132.42167992488834,2.854268523484156e7,321692.97873969073,9.280831747979915e-7,29343.374561892375,0.00015781720183684144,0.16064976096311498,362257.02268497,2887.007615130821,4.936393807741483e-9,0.401465815256118
6.0,1.559508881400209,3.7313738578934306,319.7856062712701,61107.99871477001,28454.41945366051,628.159292528842,5.108415805907111e7,157.58468542147602,2.541479536454045e7,362786.92154994025,9.276425881485643e-7,24819.24563622538,0.0001659624772611184,0.18794777822508554,325765.6735221144,3432.374514552224,4.8543912542759164e-9,0.45016931128674825
7.0,1.508719424615774,3.461191749971839,296.6305613908741,57629.65151539829,27987.19930130423,557.9242890277773,5.666689924202252e7,182.39560597380844,2.262702701285302e7,397668.95001167967,9.269263635004316e-7,21116.497829780983,0.00017008993493420788,0.21376167890608022,294656.62786977756,3968.4532305696694,4.770996829911036e-9,0.490847956357348
8.0,1.458664169624464,3.209329426771597,275.0455419266899,54345.48013373493,27518.981827030064,496.7533040521062,6.164208525743573e7,206.84406932476972,2.014261197069131e7,427447.6708996512,9.259684949959052e-7,18066.5414978438,0.0001711501042114418,0.23811084705075009,267989.03429802466,4495.24805626355,4.686332414177692e-9,0.5243253515680157
9.0,1.4094282970987009,2.9746764084245654,254.9353870921043,51244.377688060886,27050.521984200674,443.9893069941328,6.607541570132436e7,230.9203490896287,1.7928771270704735e7,453007.4589764102,9.247950672381498e-7,15538.918034487453,0.0001698920869961509,0.2610231790110465,245009.6336817982,5012.766057075019,4.600719293771201e-9,0.5513198667637004
10.0,1.361128132695148,2.75623025153145,236.21417665044973,48316.52894692633,26582.956744159477,398.56343267626767,7.002554393813093e7,254.6167203959609,1.5956234075347576e7,475059.14143806725,9.234272230499276e-7,13431.838977000314,0.00016690611297470997,0.2825379975942382,225110.45615205128,5521.032840647388,4.514509513018436e-9,0.5725280317276539
11.0,1.3138723735420266,2.553024187449504,218.79906059778108,45552.28395007429,26117.411678487442,359.3914156637189,7.354481221022065e7,277.92767996526294,1.4198874056406131e7,494177.21105651796,9.218817807566894e-7,11665.452056912085,0.00016265589603157,0.3026980645063345,207797.94547122598,6020.095428664929,4.428024177095273e-9,0.588568240939941
12.0,1.2677495063643498,2.3641187639755556,202.6095348371037,42942.25694517748,25654.874304590114,325.50312321592037,7.667993876283114e7,300.8497645695508,1.2633368354912868e7,510828.78374666517,9.201719291648251e-7,10176.696431011298,0.0001575047407595024,0.3215478510394149,192669.01669923027,6510.02056370423,4.341537113004698e-9,0.5999915063830311
13.0,1.2228219910889846,2.188616151072758,187.56864768150209,40478.18471891562,25196.167928181083,296.07055044402875,7.947264007103728e7,323.38126447111654,1.123888798114944e7,525395.9690953572,9.183087460381203e-7,8915.417028739274,0.00015173634642518332,0.33913706939862387,179392.54332528097,6990.891743285576,4.25527749575135e-9,0.607335153565702
14.0,1.1791318577507444,2.0256560602999487,173.6026690399596,38152.23831566593,24741.959816377544,270.4040309751707,8.195996123181397e7,345.5219266402702,9.99693429275892e6,538191.5182690084,9.163011272653442e-7,7841.70466191819,0.0001455702459961884,0.3555158999609638,167696.37303832715,7462.80551933701,4.169432311099577e-9,0.6110845346984429
15.0,1.1367091637165563,1.8744001406225137,160.63976079455634,35956.20440399811,24292.79017031305,247.92628217716052,8.417520236743943e7,367.27270264278775,8.890877521485375e6,549475.8570143881,9.141548977376695e-7,6923.259074978188,0.0001391773420181305,0.37073027684673887,157352.95762864169,7925.870167413704,4.0841511415856464e-9,0.611642004037545
16.0,1.0955663529248632,1.7340673756296952,148.61298705051937,33883.010891773396,23849.08367830181,228.16207308073515,8.614781766959329e7,388.63551256209223,7.906007092763834e6,559463.4899886658,9.118751163317861e-7,6134.1772540112,0.000132687695304121,0.38482930621800693,148174.17068427347,8380.2014840286,3.9995554413471366e-9,0.6094042975617531
17.0,1.055701118678543,1.6039215542129257,137.45924300928164,31926.546103430384,23411.17571700476,210.71358392695032,8.79042463903883e7,409.61308657405687,7.029117067930682e6,568334.6554606339,9.094666522742059e-7,5453.259443931408,0.00012620092833008525,0.39786573233433536,140001.37151168226,8825.92254199755,3.9157459745242394e-9,0.6047692667573893
18.0,1.0171129005041757,1.4832493478727997,127.11740866422139,30079.466231674294,22979.327202442255,195.2499231583086,8.94680301813475e7,430.20880291781793,6.248448945064602e6,576240.2463812426,9.069302209692358e-7,4863.263376674652,0.00011979174274654326,0.40988076865503625,132701.2403188319,9263.161412726584,3.832795484602556e-9,0.598007450380109
19.0,0.9797876895152853,1.3713946892572628,117.5312554695984,28335.87427874458,22553.735827524622,181.49460893115258,9.086011630788364e7,450.42655561126026,5.55353913941345e6,583307.1221456107,9.042673820735779e-7,4350.046705304407,0.0001135153569816411,0.42092130977353676,126161.33654026169,9692.049521051706,3.7507648858641115e-9,0.589419720113713
20.0,0.943706550308377,1.2677404951690097,108.64789664949346,26690.14424570595,22134.5488265901,169.21503516781743,9.209920733336301e7,470.27066429384183,4.935045046913275e6,589642.7895504519,9.014787754736354e-7,3901.933435791448,0.00010741187356983746,0.4310327532270571,120286.06197853424,10112.721084658298,3.6697013225129515e-9,0.5792757676856043
21.0,0.9088467842786843,1.1717079547371854,100.41772645272006,25136.91823888141,21721.871643702903,158.21491630848,9.320198840660523e7,489.7457897898319,4.384631634552355e6,595338.6623357729,8.985642273785633e-7,3509.2485934652773,0.00010150951137196504,0.44025892783929305,114993.8741544614,10525.312187686759,3.5896404785975083e-9,0.5678168216872084
22.0,0.8751818094065074,1.0827567289253754,92.79443552550678,23671.23704244927,21315.774972606592,148.32807393526758,9.418333385161245e7,508.8568619234669,3.8948682673385846e6,600472.7325889664,8.955232635296749e-7,3163.944013207206,9.582721016572551e-5,0.44864310147935194,110214.9953238941,10929.959983164268,3.5106094068003055e-9,0.555266247944403
23.0,0.8426858935848571,1.0003781148780633,85.73442968852237,22288.014809236076,20916.30104003673,139.41325059114106,9.505651208147646e7,527.6090260850386,3.4591266646447447e6,605111.84787716,8.923536228136183e-7,2859.2976325539444,9.03767054301339e-5,0.4562240269032486,105889.44123965585,11326.802254615659,3.4326247641307536e-9,0.5418014402906869
24.0,0.8113301721326626,0.9240999660665993,79.19724535231806,20982.644771834628,20523.46801387282,131.3500149452708,9.583334278378285e7,546.0075879795194,3.071502125001773e6,609313.4470813834,8.890530408672741e-7,2589.672330317241,8.516418335184842e-5,0.4630405048918641,101965.53057335119,11715.976704569925,3.3556979906516515e-9,0.5275919914677345
25.0,0.781082947210921,0.853484050451366,73.14532400244154,19750.97503444296,20137.274137060398,124.03528335734185,9.652435732018995e7,564.0579733029988,2.7267334360251976e6,613127.0817091387,8.856195547610237e-7,2350.320954308797,8.019159830823376e-5,0.4691315737465407,98398.56205320607,12097.62056821663,3.279836706571948e-9,0.5128014243350993
26.0,0.7519135136002514,0.7881203872061116,67.54353000906681,18588.877031798445,19757.70128850412,117.38049239809243,9.713894530807947e7,581.7656978131885,2.4201298772363183e6,616595.6806227661,8.820500820328431e-7,2137.2310556624475,7.545769031835313e-5,0.4745331403533627,95149.70782916996,12471.870412582743,3.2050426295619056e-9,0.4975637884047815
27.0,0.723791119403007,0.7276271918770086,62.35914445169275,17492.41220156563,19384.717607716204,111.30928340299948,9.76854777379826e7,599.1363393687122,2.147509641867663e6,619756.5601880078,8.783409569266377e-7,1946.9972085954005,7.095879577313289e-5,0.479279357323157,92185.13331997072,12838.861859757779,3.1313134833153298e-9,0.4819958257481785
28.0,0.6966844925243344,0.6716497709520358,57.561769621610175,16457.902929377666,19018.279733313524,105.75561148293289,9.817141550656435e7,616.1755132645843,1.9051455858686112e6,622642.2576332258,8.744883086796422e-7,1776.7189998188173,6.668948513062808e-5,0.48340336867172196,89475.26775541018,13198.729340867894,3.058644285556409e-9,0.46620340015150796
29.0,0.6705624207094126,0.619858364037395,53.12314450703427,15481.87513448788,18658.33475059452,100.66216296395805,9.860340954644537e7,632.8888540686464,1.6897152338221052e6,625281.2396871932,8.704879198224425e-7,1623.9173685479166,6.26430573931796e-5,0.48693697592773566,86994.18078126399,13551.60595117638,2.987027566651509e-9,0.45028005675888133
30.0,0.645393893788401,0.571946502258621,49.01700415728624,14561.04845542249,18304.821745899837,95.9790476699828,9.89873886443038e7,649.2819999255147,1.4982569087812272e6,627698.489013261,8.663352531784847e-7,1486.4662973093748,5.881192718741165e-5,0.4899106909511246,84719.06564181797,13897.623338107822,2.916453819494065e-9,0.43430827875495326
31.0,0.6211482233707646,0.5276294563950509,45.21894666290017,13692.326583025562,17957.67316904078,91.66270991329374,9.932863745981652e7,665.3605795052504,1.3281307559208558e6,629915.9954316295,8.620254789007045e-7,1362.5367086354443,5.5187926077583866e-5,0.4923537873462419,82629.80514981545,14236.911600275427,2.846911916248923e-9,0.41836060589529106
32.0,0.5977905494920404,0.48664543712767544,41.70653461209747,12873.224684547833,17616.816233913883,87.67512029373148,9.963184783883443e7,681.1301748946738,1.1769928927942333e6,631953.0953513166,8.575564974819226e-7,1250.5550762636965,5.176258944636579e-5,0.4942988360878338,80708.67445211465,14569.598584945894,2.7783934995952666e-9,0.4025278261786883
33.0,0.5752937466780162,0.44874851462065407,38.45869271225987,12100.736292230118,17282.17404373304,83.982970272468,9.990119858439985e7,696.5963259992664,1.0427561116091001e6,633826.894866048,8.529218073773563e-7,1149.1617072132058,4.8527284315872194e-5,0.49577019146759715,78939.96045647282,14895.810240236553,2.7108828692882456e-9,0.3868487268047776
34.0,0.5536307248482453,0.4137098793394234,35.455812040504846,11372.064376681103,16953.665555154606,80.55676977960835,1.0014043446495223e8,711.7645613806457,923550.0304333653,635552.660637285,8.481146176064447e-7,1057.1688333973625,4.547330421997185e-5,0.49679161215933876,77309.6137595354,15215.671387424936,2.644363923438034e-9,0.3713590184816586
35.0,0.5327729800729621,0.3813180410734676,32.67976720605515,10684.750672974957,16631.206643508194,77.37049682453103,1.003528900453884e8,726.6403623823729,817709.1219537072,637143.9676279337,8.431291268364709e-7,973.5427576948298,4.259202222874911e-5,0.49738775723952594,75805.11911755457,15529.304991113617,2.5788217587654147e-9,0.35610001782921247
36.0,0.5126866244112583,0.35137893801441134,30.113925821206255,10036.98044954094,16314.711498045162,74.40125938221348,1.0054151402016048e8,741.2291134603564,723760.4025880614,638612.8341772122,8.379639879950889e-7,897.3876802296352,3.987504479582282e-5,0.4975881496021199,74415.3768831592,15836.83113638084,2.514245801663598e-9,0.3411393335042692
37.0,0.4933490659259681,0.3237106113951952,27.742694585599107,9426.1959932135,16004.092684982927,71.62882064745321,1.0070893447409162e8,755.5361342275162,640391.5087284946,639970.0105637349,8.326103530746375e-7,827.9194903680449,3.7314170255318804e-5,0.49741098127047656,73130.44112525346,16138.367953822302,2.4506168050136478e-9,0.32648175778183935
38.0,0.4747357345114882,0.29814365953920235,25.55155536904211,8850.176891120778,15699.260419211223,69.03500332851792,1.0085751487849304e8,769.5667328588205,566422.16987882,641225.2235977949,8.270605038746175e-7,764.4429338962589,3.49013744061286e-5,0.4968760574068634,71941.29846498641,16434.032779021454,2.3879175503323767e-9,0.31214251890360895
39.0,0.4568162336223902,0.2745221852847519,23.527147208133783,8307.320612134576,15400.124467974058,66.60368984925508,1.0098934541732654e8,783.3261182350786,500808.40559931815,642387.1491074947,8.213118652265796e-7,706.3509614137616,3.262897396526112e-5,0.49600863140978113,70839.89624125304,16723.94024034677,2.3261352710235105e-9,0.29816541389870643
40.0,0.4395668007768613,0.2527024825546699,21.657154480315466,7795.714072565227,15106.59493041568,64.32065911334666,1.0110627059089096e8,796.8193732530588,442629.1938180629,643463.5240964876,8.153576499906684e-7,653.1129168729232,3.0489646363964087e-5,0.4948273611725921,69819.04232757751,17008.201831124858,2.265253172715017e-9,0.28456099233073595
41.0,0.42296715981521477,0.2325495063581101,19.93000328971257,7313.328406619623,14818.579781431701,62.17297267882943,1.0120996301334774e8,810.0516010582072,391049.4868895364,644461.455530864,8.091878429297716e-7,604.2505287388595,2.8476238129196378e-5,0.49334728512840087,68872.12096772328,17286.92913944669,2.2052531443701932e-9,0.27132335344143244
42.0,0.4069876298076774,0.21393866653907972,18.33501637374422,6858.935614953495,14535.987965483442,60.14911903392163,1.013018939476218e8,823.0277753042487,345334.48161413363,645387.2908956743,8.028012969177866e-7,559.3460312281475,2.658200126334519e-5,0.491592487068818,67993.21395404753,17560.230534232793,2.1461226446107566e-9,0.2584906557591649
43.0,0.3916094253359029,0.1967558904468302,16.862417299157368,6430.743689752714,14258.729041561994,58.23887091890405,1.0138336603271379e8,835.7527582254166,304833.9443855316,646246.7452254696,7.961883241319602e-7,518.0295302099029,2.4800522905930375e-5,0.48957641316190054,67176.98637339889,17828.21173168483,2.087844261597443e-9,0.2460523865936874
44.0,0.3768123768774792,0.18089363820282509,15.50298927920598,6027.158619059132,13986.710894371032,56.432832648673454,1.0145556190682037e8,848.2314362216455,268957.5257249542,647045.1081907182,7.893400480125133e-7,479.96517348644534,2.3125570853379215e-5,0.48731367796020425,66418.49380314688,18090.97869669701,2.0304024719516102e-9,0.2340050454799913
45.0,0.3625678658792395,0.16625281930319002,14.248241263909414,5647.248221496818,13719.844532834126,54.722720729066126,1.015195059815069e8,860.4684872046737,237193.63532265121,647787.0591726861,7.822571717805616e-7,444.86269931759375,2.1551386451779568e-5,0.4848271545182153,65713.35540726288,18348.63259398479,1.9737842327753913e-9,0.22238172148613528
46.0,0.34886392405624445,0.15274299922857654,13.090421414715893,5289.205228008561,13458.03926130451,53.100965977854926,1.0157612988804239e8,872.4686079849057,209077.4987757788,648476.9510713931,7.749244672341021e-7,412.4548251227958,2.0072361153896906e-5,0.482123445139322,65057.49313750192,18601.274877568205,1.917973403507553e-9,0.211147669798057
47.0,0.33567454749794673,0.14027774616795968,12.022123425427585,4952.125188390578,13201.205809297031,51.560703260761144,1.016262572286343e8,884.2363952406424,184197.8889243897,649118.7305927243,7.673411144845918e-7,382.5055594834697,1.8683214905947313e-5,0.47922274242151897,64447.203144534156,18849.00457064883,1.862956791533284e-9,0.20032543486131643
48.0,0.3229838199762531,0.12878005305840132,11.036747098768528,4634.688994786604,12949.256711833765,50.09583278912431,1.0167061140689656e8,895.7763020207464,162193.87200286982,649715.9557153293,7.594974278900403e-7,354.8046351355615,1.737899781562879e-5,0.47613553113263063,63879.14381675475,19091.917487084516,1.8087207558656884e-9,0.18990024717028306
49.0,0.310772888451242,0.11817615183684119,10.127970295483296,4335.791933466794,12702.10311220676,48.700666637523916,1.0170985215176292e8,907.0928196426271,142736.2358406701,650271.9653163743,7.513865163172753e-7,329.1585702137113,1.6154899175199425e-5,0.4728750096909998,63350.175446763606,19330.110090573722,1.7552528461813004e-9,0.17986869765664967
50.0,0.29902167330577656,0.10839898569348137,9.290046793981503,4054.5217745985215,12459.660097139773,47.37019841392741,1.017445470995944e8,918.1902137727443,125541.70539281631,650789.7188901582,7.430047106072314e-7,305.39913830967726,1.5006512201514456e-5,0.46945573700283155,62857.51177311727,19563.673856677426,1.7025397938519726e-9,0.17023387779181767
51.0,0.2877171133218673,0.09938660807551,8.517666468782952,3789.6862349345047,12221.840387012453,46.09973119602955,1.0177521932542126e8,929.0728272522184,110349.42117175364,651272.0310218417,7.343402926034609e-7,283.3679397939999,1.392950704129002e-5,0.46588532834314256,62398.50130717036,19792.701821824256,1.6505723167861273e-9,0.16097493356125467
52.0,0.27683685237142824,0.09108012166993484,7.805783354566543,3540.623901951603,11988.561206397997,44.88510569452759,1.0180231715091097e8,939.7447715941571,96935.62388486178,651721.3955329948,7.253939300137907e-7,262.9284211594166,1.2919937537326459e-5,0.4621805870129764,61970.79094015504,20017.28191382519,1.599335892824143e-9,0.15210399362933918
53.0,0.2663716717481548,0.08342779983869343,7.149962388291245,3306.1624934086904,11759.73747765684,43.72243495754883,1.0182625316755396e8,950.2102253098619,85094.67116454705,652140.1878911924,7.161510563394157e-7,243.95061444132435,1.1973931234316486e-5,0.45834548590631813,61572.13905941071,20237.503446195817,1.548825943623531e-9,0.14359163373884765
54.0,0.25629864516445705,0.07637796986573904,6.545777353420208,3085.7812527506167,11535.288530020121,42.60824128258066,1.0184738192249507e8,960.4731557703647,74649.60801338746,652530.5249864833,7.066150767657189e-7,226.3225933786656,1.1087950561073748e-5,0.45439743888032225,61200.54417885823,20453.451073449196,1.499026179049752e-9,0.13545247868934412
55.0,0.2466106425106221,0.06988728208402259,5.989510745466339,2878.397388978312,11315.13167390408,41.53928767636498,1.018660285530774e8,970.5375808624875,65438.462657194315,652894.4218338002,6.96770544045231e-7,209.93714248050654,1.0258537224738249e-5,0.45033849651545405,60854.10173604534,20665.21050638026,1.4499371249330292e-9,0.12765504495191066
56.0,0.23728566534074108,0.06391080388138923,5.477314128759194,2683.555871666644,11099.188528108716,40.51265874974577,1.0188247285570402e8,980.4073211283082,57321.61253303945,653233.6818124906,6.866220996536403e-7,194.70190202990838,9.482526001181647e-6,0.44618526221643756,60531.10362672874,20872.86311330868,1.4015413917590398e-9,0.12021186403236368
57.0,0.22831713953008348,0.058411762902849704,5.006033739572348,2500.304377765543,10887.378759198176,39.52563580942889,1.0189697138555439e8,990.0862465335481,50171.30233382497,653550.0260869943,6.761553697296661e-7,180.52784000478846,8.756824355996553e-6,0.44193935163280607,60229.92043719433,21076.491306319454,1.3538438166360506e-9,0.11309391869083626
58.0,0.2196852646366274,0.05335166076872636,4.572372296216811,2328.2050836447606,10679.626483256508,38.57577229941194,1.019097442052765e8,999.578025133538,43877.75964771092,653844.9940755242,6.653748446720054e-7,167.3382981118003,8.07860840263256e-6,0.4376153577103133,59949.09185405102,21276.17308536561,1.3068278263087642e-9,0.10630867207362978
59.0,0.21138272865578633,0.048698720070943044,4.173604597432556,2166.4564239500464,10475.853667254738,37.660765649328184,1.0192099401346812e8,1008.8863909779259,38340.07451683104,654120.065668172,6.542691591870816e-7,155.05892048108052,7.445107565952782e-6,0.43321571167287515,59687.21464570573,21471.987843313982,1.260500521088412e-9,0.09983248154175223
60.0,0.20339295932539894,0.04442057818870175,3.8069585202416887,2014.6084552327009,10275.986993488976,36.77855867632667,1.0193089351046897e8,1018.0148600077063,33472.15519709611,654376.5588152085,6.428414003299244e-7,143.62561935631837,6.853806365468787e-6,0.42875201964691606,59443.037006761195,21664.010252764074,1.214849362516177e-9,0.09366605744006971
61.0,0.1957068630308284,0.04048917960750904,3.4700286852059037,1872.0162855305841,10079.950835410142,35.927190095086864,1.0193960264030804e8,1026.967032742697,29194.384470057845,654615.7507480173,6.310851130955077e-7,132.97613813134996,6.302223014889664e-6,0.4242285442858098,59215.34592375722,21852.316760582897,1.169880356982697e-9,0.08779276287317606
62.0,0.18831187711874395,0.036877908685353226,3.160534512510553,1738.201963009778,9887.674198063229,35.1049202296262,1.0194725715994075e8,1035.7462877104695,25439.151081965214,654838.7772617458,6.190009039965512e-7,123.05629840175195,5.7881112094866586e-6,0.4196531480274892,59003.06151962203,22036.979045986616,1.1255895723187674e-9,0.08220586579717336
63.0,0.18119634001716534,0.03356150243786015,2.8763110479415914,1612.6737516636063,9699.084315679624,34.310077960540546,1.0195398245824596e8,1044.3560765293091,22144.033541319877,655046.738757725,6.065890450817179e-7,113.81413625761218,5.30925857760986e-6,0.41503271149986026,58805.13702805995,22218.070303000448,1.0819771864257039e-9,0.07689639442198562
64.0,0.1743522268820619,0.03051856787781092,2.615524103574485,1494.9187164670557,9514.111798884904,33.541173631271626,1.0195988614306752e8,1052.7996768441221,19255.508633170844,655240.6270002633,5.938468441359548e-7,105.2030434490515,4.863640291485232e-6,0.4103708116045555,58620.62878265923,22395.660011750602,1.0390538430877736e-9,0.0718502156230744
65.0,0.16776478292585675,0.02772604345193669,2.3761986611193695,1384.5891698022576,9332.687702877836,32.796794676096404,1.0196506508399874e8,1061.0803510316848,16725.337838355208,655421.380361476,5.80782925431224e-7,97.18015393994654,4.449308802258996e-6,0.4056775110551069,58448.64268991324,22569.81727643406,9.968077318955648e-10,0.06706597679035109
66.0,0.16142910775112632,0.0251664677489233,2.156836705595259,1281.168826178867,9154.743457641855,32.07564231908071,1.0196960556545654e8,1069.2013184665157,14510.658215151452,655589.8787653418,5.673934612208908e-7,89.70474745736064,4.06441507583942e-6,0.4009534185624288,58288.340844884355,22740.610288127897,9.552637345291383e-10,0.06252553160901175
67.0,0.15533214791461758,0.02282056528083486,1.955787427654739,1184.3426993287148,8980.213917458846,31.376530625940685,1.0197358194785988e8,1077.1656475947652,12574.465754900488,655746.9209078742,5.536889415664614e-7,82.74108544821442,3.707253230306496e-6,0.3962071743017577,58138.96147605453,22908.10399172551,9.144135725876856e-10,0.05822609285258539
68.0,0.14946637295847678,0.02067207156880309,1.771656397550506,1093.7023829633702,8809.032136125159,30.69832188861218,1.0197706282287568e8,1084.9764750813629,10882.68701195294,655893.2839828489,5.396735555804091e-7,76.25422388620945,3.376143575452478e-6,0.3914419990182561,57999.76347138503,23072.364766357416,8.742744829678445e-10,0.05415565732851073
69.0,0.14382425800039317,0.01870630285905812,1.6031848775313313,1008.8887168788506,8641.134889484378,30.03999886419581,1.0198010654256079e8,1092.6367588956507,9406.341692722885,656029.6663127989,5.253540452743268e-7,70.21313284103694,3.069556657353646e-6,0.38666132637660056,57870.08055549897,23233.455186567622,8.348628433183261e-10,0.050304032698689105
70.0,0.13839344339344817,0.01690740633255903,1.449015365249553,929.6296029126523,8476.459236939183,29.40059157867746,1.0198276567490369e8,1100.1494477991755,8119.296961885135,656156.7323497253,5.107469087446902e-7,64.58897267791103,2.7860153524900787e-6,0.38187324410021073,57749.27808601898,23391.43759960746,7.961705366293246e-10,0.04666803653127431
71.0,0.13316988655577947,0.015263764520397216,1.308151042060182,855.5515231588649,8314.942315852753,28.7791985207122,1.0198508719811764e8,1107.5174678644637,6998.264816041213,656275.1107201272,4.958586159941629e-7,59.35407133474807,2.5241098720368145e-6,0.37707785520060105,57636.75601001331,23546.373874123055,7.582348336214971e-10,0.04323355713224555
72.0,0.1281441915686546,0.013762761862072278,1.1795112184933843,786.3910639714492,8156.52467820655,28.174999383340133,1.0198711128727639e8,1114.743592122178,6023.302178531812,656385.3706130816,4.807065082428204e-7,54.48402606239372,2.282544070783873e-6,0.37228060327700935,57531.97036147416,23698.322611936623,7.210615433219717e-10,0.03999488746092223
73.0,0.12330771407648586,0.012392586877300752,1.0620838948873945,721.878552788885,8001.145762884272,27.587201764975166,1.0198887476128116e8,1121.8306401582572,5176.146738236767,656488.0649815536,4.6530983429280945e-7,49.95526209422442,2.0600438185518467e-6,0.36748613963707877,57434.39255458834,23847.343385897755,6.846620560353426e-10,0.036945123747695645
74.0,0.1186556843395894,0.011143804415208554,0.9550598183283373,661.7256374690322,7848.747017274763,27.01508335281989,1.019904095293245e8,1128.7813288195507,4440.999362820291,656583.7027627752,4.496848056751554e-7,45.746028347734196,1.8554246915194217e-6,0.3626955148763517,57343.536125526975,23993.49359098304,6.49072092893333e-10,0.03407381685820652
75.0,0.11417918843977362,0.010006191741949532,0.8575634121483613,605.711184073289,7699.272044742407,26.457973993654612,1.0199174336342587e8,1135.59827892279,3804.0948919055436,656672.7539926948,4.3385689346863617e-7,41.83665520717546,1.667576190768208e-6,0.3579138834497357,57258.95137810651,24136.82857092195,6.142975606380468e-10,0.03137581909537448
76.0,0.10987167392933811,0.008970796246085166,0.7688273472886287,553.5940787448527,7552.663328258428,25.91522626103719,1.0199290166562484e8,1142.2841564369016,3252.8628290063107,656755.6759689195,4.1785164170449485e-7,38.20799064103089,1.4954065991110115e-6,0.35314406365604556,57180.20081418091,24277.404616075735,5.803630457618157e-10,0.02884341163244205
77.0,0.10572831242349554,0.008030018551928777,0.6881999684696147,505.1417867487717,7408.865853252143,25.386251567685076,1.0199390621410275e8,1148.8415065945128,2776.539411435613,656832.8863216349,4.0169481995876554e-7,34.84258343420658,1.3379076816198468e-6,0.3483873682880429,57106.8848433648,24415.275459277662,5.473046115430271e-10,0.026468156993024555
78.0,0.10174107729119274,0.007175718763677991,0.6149841205067478,460.1644547493615,7267.826242719707,24.870499231041183,1.019947760709852e8,1155.2728015443909,2365.6968573605477,656904.7739315126,3.8542004088188566e-7,31.724435095943992,1.1941263040401926e-6,0.34364827505587353,57038.63113415763,24550.493273115753,5.151305396215158e-10,0.024245022339589906
79.0,0.09790439734912058,0.006400912869050064,0.5485811397080789,418.45641862498303,7129.4901446079375,24.367436680681568,1.019955286117241e8,1161.5805525315795,2011.758383693851,656971.7169664246,3.6906127395643626e-7,28.83793483390233,1.0631260237317415e-6,0.33892884534311585,56975.07766206453,24683.11105103103,4.838710812516459e-10,0.022166796064980978
80.0,0.09421382633247044,0.005699559546753048,0.4884730042548956,379.8239238427684,6993.805653920578,23.87657837281674,1.0199617868872106e8,1167.7671545856372,1707.4020533070568,657034.0607373486,3.526533144821817e-7,26.168844397394864,9.440414900459546e-7,0.3342302077510272,56915.89383988324,24813.179326516653,4.53563735897331e-10,0.020226167540242965
81.0,0.0906623604597555,0.005065253464309671,0.434111097302052,344.1022203150235,6860.722362400881,23.397468924112324,1.0199673928623325e8,1173.8349355164496,1446.2249647234828,657092.1272115131,3.3623738324439143e-7,23.704017532246954,8.360533791624519e-7,0.32955603256989874,56860.77130203562,24940.747202043713,4.242194409189538e-10,0.018418136522320553
82.0,0.08724483581666806,0.004492413816234604,0.38501707907563326,311.11810303082365,6730.189018814128,22.929666626955274,1.0199722220392099e8,1179.7862577122519,1222.4205582398295,657146.2293393958,3.1985596073387174e-7,21.43060865108843,7.383565444995831e-7,0.3249081731364579,56809.41038533035,25065.864505313937,3.9586704895730807e-10,0.01673633981806881
83.0,0.08395738391193963,0.0039762814400625575,0.3407828449002053,280.70666735136615,6602.156567042217,22.472766900700453,1.0199763752750352e8,1185.6233794990821,1031.0345397560557,657196.6535807333,3.0355140218838234e-7,19.336812616335603,6.502051256600304e-7,0.3202873722356102,56761.53683975063,25188.57886387634,3.68544489031273e-10,0.015174187539717426
84.0,0.08079393111831401,0.0035118256686261446,0.30097749351329356,252.7241510720307,6476.577460655158,22.026390301543643,1.0199799403335321e8,1191.3484911956616,867.7562973506456,657243.66641192,2.873708431191918e-7,17.411680744447125,5.708944936987079e-7,0.31569657708106635,56716.89551704162,25308.936460864865,3.422626211018998e-10,0.013726779722807586
85.0,0.07774961267128752,0.00309455358437704,0.2652159795838626,227.023023701085,6353.403410089915,21.590167531028744,1.0199829967337127e8,1196.9638143858235,728.6892091881024,657287.5265923064,2.7136284441152387e-7,15.6444832206838,4.997325401090611e-7,0.3111375297013115,56675.238756943894,25426.984134895665,3.1704387711051056e-10,0.012388445736509842
86.0,0.0748211178285619,0.002720714452170696,0.23317664792787873,203.46109193048994,6232.588062195734,21.163758657107287,1.0199856124445394e8,1202.471478906446,610.5110655816106,657328.4714310366,2.5557426141389985e-7,14.025268134360495,4.3607732532956703e-7,0.3066105987171171,56636.33954217426,25542.766786517397,2.929225902430911e-10,0.011153164292248788
87.0,0.07200306328116979,0.002386324665030445,0.2045182785002479,181.9121539068389,6114.086591116367,20.746844870210165,1.0199878462892027e8,1207.8735456744287,510.34861944001403,657366.7208636983,2.400546795096512e-7,12.54476206602673,3.793249707234507e-7,0.3021182311183581,56599.987529360194,25656.327855135372,2.699037706119378e-10,0.010016218622424366
88.0,0.06929109000190059,0.002087806285113161,0.17893424429052138,162.2474654356402,5997.853448252936,20.33911472559194,1.0199897514356485e8,1213.172106591886,425.6125751673426,657402.4882204328,2.2485383909934856e-7,11.193821301591084,3.288834707972031e-7,0.29766184728760536,56565.97884354146,25767.711430287203,2.48001177507195e-10,0.008972331033308264
89.0,0.06668227885576479,0.0018221738724690502,0.15616852140470533,144.3434048952828,5883.844947678764,19.94028092949777,1.019991373144829e8,1218.3691659017536,354.1060895272858,657435.9685484197,2.1001804868860736e-7,9.963923328857012,2.8420613740447575e-7,0.2932415998713579,56534.12724732601,25876.959751200782,2.2723878027017505e-10,0.008016002277654914
90.0,0.06417164120163533,0.0015862278175795353,0.1359470650162261,128.08823533381525,5772.018808221922,19.550073172113326,1.01999275047309e8,1223.4666645244708,293.9363554705212,657467.3422233779,1.9559400514927234e-7,8.847065924011984,2.4478074793229704e-7,0.28885970928025984,56504.260637527084,25984.1137155026,2.07608382403436e-10,0.0071427420061768035
91.0,0.06175566991546457,0.0013771906033807296,0.11803179185682232,113.36705205080659,5662.331970181026,19.168226405569452,1.019993918646509e8,1228.4665768733528,243.4036199972559,657496.7839103898,1.8162593880392704e-7,7.835298135405268,2.1010746924312103e-7,0.28451692821620767,56476.212565071626,26089.214924974305,1.8911514121237988e-10,0.0063474410297478575
92.0,0.059431607919178536,0.001192654095307984,0.10221621944514013,100.07197372574515,5554.7434512491245,18.79449692782586,1.0199949073135811e8,1233.3707809427842,201.08319569726788,657524.451475774,1.6815310247566833e-7,6.9212398633989825,1.7973097988277227e-7,0.28021341605637545,56449.83278743668,26192.30294697859,1.7176515281558e-10,0.005625111069489392
93.0,0.057194577896719334,0.001030012913753213,0.08827723620162811,88.10317982151263,5449.213227090487,18.428652825005518,1.0199957421714053e8,1238.1811117704128,165.74376518635754,657550.4914997988,1.5521298604008091e-7,6.097867323666042,1.5322447797234277e-7,0.27595142142557844,56424.981980055476,26293.416437759613,1.5553062036226388e-10,0.004971497959845711
94.0,0.05504227671118883,0.0008871941979759345,0.07603706636201975,77.35756303677267,5345.700639807319,18.070467265934607,1.0199964462069039e8,1242.8994308164515,136.2911170856155,657575.0446580305,1.4283719390857657e-7,5.358203461307914,1.301773648721542e-7,0.27173068749838425,56401.52667124625,26392.594610413256,1.4040965015552784e-10,0.004381614893026415
95.0,0.052971612476624935,0.0007622043334295463,0.06532485142055436,67.7416460918599,5244.167447795407,17.719732764938673,1.0199970384687167e8,1247.5274890073993,111.82284500193241,657598.235937063,1.310519279603283e-7,4.695851193377598,1.1022301794936952e-7,0.26755185918589075,56379.348478980486,26489.87434553343,1.2638199487519447e-10,0.0038510503571432216
96.0,0.05097838523466055,0.0006530073263861299,0.05596621048387601,59.16466648135309,5144.575224829685,17.376246284815313,1.0199975358170846e8,1252.0670457583356,91.54454026279932,657620.1837483569,1.1987930089520687e-7,4.104546886953757,9.301309949132846e-8,0.2634166316626632,56358.3354584735,26585.292698391848,1.1340709673549985e-10,0.003375617009962481
97.0,0.049060983692807876,0.0005580466000006766,0.04782761298386004,51.537424270210934,5046.886203931151,17.039815077003766,1.0199979527624972e8,1256.519828249467,74.77834578519523,657640.9972051831,1.0933354083857564e-7,3.5782950581203847,7.822761410458073e-8,0.2593242592160028,56338.38468468166,26678.886045956864,1.0146911512787481e-10,0.002950773786606971
98.0,0.04721558960994374,0.00047565098574697763,0.0407659239443297,44.779084088169725,4951.064353995583,16.71025915187992,1.0199983014501728e8,1260.887485039581,60.9602669822361,657660.7739490045,9.942425443203523e-8,3.1115474957300018,6.558019958346541e-8,0.25527621582794385,56319.4042443521,26770.689104132944,9.051927623805053e-11,0.0025726550730540746
99.0,0.045439883542415176,0.00040439721701035524,0.03465912758109433,38.80853019676552,4857.072826780557,16.387399918496342,1.0199985927194366e8,1265.171700724336,49.59170548337365,657679.6070954886,9.015413867037049e-8,2.6988117128714006,5.479958019083041e-8,0.251272489546885,56301.3066928806,26860.737347285034,8.052041215895798e-11,0.0022371387670630724
100.0,0.04373141521138848,0.00034300893842130893,0.029397827312707646,33.55238730372412,4764.876959900859,16.07107346421284,1.0199988354546295e8,1269.374059651972,40.26767935282293,657697.5781462007,8.152014254741173e-8,2.335107027267531,4.56500197670914e-8,0.24731332606543016,56284.015673310634,26949.064136333793,7.14291784181999e-11,0.0019404854609652996
101.0,0.04208693737733239,0.00029022007057753524,0.024873561984191488,28.93991113660799,4674.441754365961,15.761117921166779,1.0199990374597476e8,1273.4961614140218,32.635831323478364,657714.7634545206,7.351385844684506e-8,2.015605691987502,3.791274850655552e-8,0.24339971391623416,56267.4598218633,27035.703150254783,6.318879449467889e-11,0.0016791238119711735
102.0,0.040505048785983724,0.00024503912674068724,0.02100129547359804,24.904916061189162,4585.733266403692,15.45738051838607,1.0199992052919517e8,1277.5395562585318,26.40367825575275,657731.2313954689,6.61208981941923e-8,1.7358337282978513,3.139470543487166e-8,0.2395309369560868,56251.57539028645,27120.687029130688,5.575883489695303e-11,0.0014495276955098638
103.0,0.03898215574359138,0.0002064157090941717,0.017691074415722957,21.387136807125064,4498.718555222221,15.159715373259761,1.0199993444634494e8,1281.505749048176,21.327853290242537,657747.0431862706,5.9323463263527984e-8,1.491662963478369,2.592540020246722e-8,0.2357084400967397,56236.30543539284,27204.047453196312,4.9074508961693476e-11,0.0012486277987847562
104.0,0.037517163982905895,0.00017354802721322076,0.014874122271373786,18.32846790777496,4413.364388143024,14.867979159471842,1.01999945976826e8,1285.3962567417454,17.19971314824646,657762.2554722269,5.309811040965434e-8,1.2791562460325334,2.1350368749027663e-8,0.23193125582700114,56221.597392369826,27285.81635833466,4.3092727473080826e-11,0.0010732626864617268
105.0,0.036107067986577465,0.00014562810619763656,0.01248123203196513,15.677930172958787,4329.639410840703,14.582038569067906,1.0199995550995606e8,1289.212510834516,13.851871085071675,657776.9172165236,4.741976676402127e-8,1.0948213936459312,1.7538782677962007e-8,0.22820036152108847,56207.40592351737,27366.023877474418,3.775315887354338e-11,0.0009207587864359016
106.0,0.03475033335037363,0.00012198784774821865,0.010455121528216664,13.38655691633623,4247.511544485422,14.301760114998912,1.0199996338766792e8,1292.955975135102,11.13954389835779,657791.074127595,4.225909931567551e-8,0.9353192056905503,1.4371701579747295e-8,0.22451528100704302,56193.68879308666,27444.700823644613,3.300675996893324e-11,0.0007884446186575843
107.0,0.03344460057706708,0.00010201960219049749,0.008743726156168712,11.411868000643969,4166.950682712707,14.027020294475372,1.0199996988476926e8,1296.6280233898297,8.948051519805436,657804.7652788799,3.7586442535876524e-8,0.7977373378559753,1.1750259425030134e-8,0.22087644814480922,56180.409963489445,27521.876111874888,2.8800079598319503e-11,0.0006740294609048374
108.0,0.03218811561070803,8.519094630533386e-5,0.007301408656597924,9.713688478370097,4087.9260024595633,13.757694778700012,1.0199997524158858e8,1300.2300616287582,7.178718224833733,657818.0270005829,3.336941569184417e-8,0.6793220244375464,9.585489533358234e-9,0.21728367327558146,56167.53598261583,27597.579335795825,2.5083886976184424e-11,0.0005753064185697517
109.0,0.03097896622340779,7.104658748439136e-5,0.006089150209843264,8.257392571119146,4010.408510278515,13.49366816926453,1.0199997965085289e8,1303.7634122341424,5.753703881298489,657830.8902877992,2.9576437717744634e-8,0.5776936232293758,7.804158217428711e-9,0.21373702910981932,56155.0383504118,27671.83832690361,2.1811235655901676e-11,0.0004903699839450688
110.0,0.029815307151494854,5.9175687481744386e-5,0.005071741211895027,7.010802443447242,3934.368637107776,13.23482430646466,1.0199998327963954e8,1307.2294236101636,4.606685227187102,657843.3837489315,2.6174635550166723e-8,0.4906366569912784,6.341323761555511e-9,0.21023648915375473,56142.89079010777,27744.681463174104,1.893627776670006e-11,0.00041743761200351324
111.0,0.02869556315942507,4.924078893034223e-5,0.004220256802864082,5.9463157188818325,3859.7784334163575,12.981054708388697,1.0199998626204492e8,1310.6293700846447,3.685381981736445,657855.5318482777,2.313274776852943e-8,0.4162483870110367,5.143845256965194e-9,0.20678186651904623,56131.07084862894,27816.13556260451,1.64186341758159e-11,0.0003549658867465514
112.0,0.027617844777013456,4.093224630440259e-5,0.0035081631838076027,5.038729255375649,3786.609557355647,12.732250446123217,1.0199998871314558e8,1313.9645437584772,2.9457427173270805,657867.3570001771,2.041941166511417e-8,0.3527865235299797,4.165335638051408e-9,0.20337325141641252,56119.55796285535,27886.227815751263,1.4217645676677315e-11,0.00030154700456978985
113.0,0.02658088515617592,3.400384982903472e-5,0.002914353471205574,4.266472804310695,3714.835030917528,12.488308957136379,1.019999907256073e8,1317.236174326769,2.352976704702876,657878.8784943615,1.800529759233172e-8,0.29875962363324593,3.3679432451074927e-9,0.2000102203963384,56108.33443705906,27954.984099416284,1.2299578920642731e-11,0.0002559580753544636
114.0,0.02558271986472934,2.8226097846907355e-5,0.0024191643218831266,3.610236456069583,3644.4277508626046,12.249127895457054,1.019999923779266e8,1320.4454971684377,1.878171060467791,657890.1138511109,1.5861950733179977e-8,0.25282776880482855,2.719219765210299e-9,0.19669301048464824,56097.38419322776,28022.430408252007,1.0629516463081986e-11,0.0002171130661612546
115.0,0.02462244413941703,2.3422654079015546e-5,0.002007475717008791,3.0534073733224694,3575.361561208324,12.014609513059234,1.019999937339503e8,1323.5937042514593,1.4982927791363283,657901.0783750268,1.3962891700949009e-8,0.2138392706776311,2.192570029574517e-9,0.19342090112936325,56086.69317619135,28088.59182352941,9.180231003333393e-12,0.00018405741032780106
116.0,0.023697906612516174,1.942546642642444e-5,0.001664892385120513,2.5815561943468026,3507.610739841983,11.78465800113201,1.0199999484650269e8,1326.681967834431,1.1946545340315773,657911.7857207155,1.228346682890323e-8,0.1807892357361575,1.7658248212586173e-9,0.19019439228679266,56076.24883204951,28153.493009576723,7.92234529000781e-12,0.00015597626787673167
117.0,0.022808485490934786,1.6108821728609743e-5,0.0013806329412286186,2.1819991340079903,3441.1497287503407,11.559179155556222,1.0199999575966044e8,1329.7114524517538,0.952006357591436,657922.248208128,1.0800405753343191e-8,0.1527963039198823,1.4204404949403021e-9,0.18701252849952452,56066.03981641451,28217.158468891033,6.83414187807987e-12,0.00013213228989670105
118.0,0.021952308917127066,1.3356019674649556e-5,0.001144700076558022,1.8441533207782137,3375.954220188032,11.33808352059675,1.0199999650862552e8,1332.683265747231,0.7584134049856626,657932.4765254562,9.493050190610225e-9,0.12912183218963416,1.1415598062415261e-9,0.18387562769034901,56056.05626919248,28279.61150483176,5.892857372115701e-12,0.00011192157362568241
119.0,0.021128378681091194,1.107298268978045e-5,0.0009490287720391087,1.558519011294475,3311.9993480274406,11.121280284867797,1.0199999712356775e8,1335.5985406682016,0.6038761890927297,657942.4806632452,8.341641933802447e-9,0.10910344357794712,9.164647701887498e-10,0.1807831370123307,56046.28895302859,28340.8759532507,5.079849514243065e-12,9.479179429193734e-5
120.0,0.0203357351864378,9.183046027852431e-6,0.0007870475088283364,1.3172653183993945,3249.261629734057,10.90868412710159,1.0199999762831248e8,1338.4583470807636,0.4806743032570305,657952.2692745401,7.3288904346652324e-9,0.09219453649959615,7.351345769065694e-10,0.17773455056847937,56036.72984679836,28400.97432211957,4.3790325539647114e-12,8.028680755138036e-5
